
{
	"cmc" : 
	[
		[ 0, 1, 5, 36, 1271, 1000000 ],
		
		[
			0.9528099298477173,
			0.9643633365631104,
			0.9747776985168457,
			0.9848731160163879,
			0.9948774576187134,
			1.0
		]
	],
	"roc" : 
	[
		
		[
			0.0,
			9.999999939225290e-09,
			1.999999987845058e-08,
			3.999999975690116e-08,
			1.199999957179898e-07,
			2.900000026784255e-07,
			6.099999723119254e-07,
			2.320000021427404e-06,
			1.095999959943583e-05,
			0.0001047600017045625,
			0.04649573937058449,
			1.0
		],
		
		[
			0.8688441514968872,
			0.9026647806167603,
			0.9155786037445068,
			0.9257716536521912,
			0.9381126761436462,
			0.9481624960899353,
			0.9582123756408691,
			0.9682231545448303,
			0.9782600402832031,
			0.9882708191871643,
			0.9982816576957703,
			1.0
		]
	],
	"traditional_cmc" : 
	[
		[ 0, 1, 6, 48, 13667, 1000079 ],
		
		[
			0.9557101726531982,
			0.9664638042449951,
			0.9775072932243347,
			0.9875361323356628,
			0.9975633621215820,
			0.9999966621398926
		]
	]
}
