
{
	"cmc" : 
	[
		[ 0, 1, 5, 31, 741, 1000000 ],
		
		[
			0.9514039754867554,
			0.9639142155647278,
			0.974562942981720,
			0.9845867156982422,
			0.9945910573005676,
			1.0
		]
	],
	"roc" : 
	[
		
		[
			0.0,
			9.999999939225290e-09,
			1.999999987845058e-08,
			3.999999975690116e-08,
			5.000000058430487e-08,
			7.999999951380232e-08,
			1.300000036508209e-07,
			2.499999993688107e-07,
			4.799999828719592e-07,
			1.229999952556682e-06,
			4.359999820735538e-06,
			2.286000017193146e-05,
			0.0003634399909060448,
			1.0
		],
		
		[
			0.7753231525421143,
			0.8531184792518616,
			0.8635197877883911,
			0.8861579895019531,
			0.911829411983490,
			0.9221396446228027,
			0.9326320886611938,
			0.9428381919860840,
			0.9528880119323730,
			0.962911844253540,
			0.9729486703872681,
			0.9829725027084351,
			0.9929833412170410,
			1.0
		]
	],
	"traditional_cmc" : 
	[
		[ 0, 1, 6, 44, 105918, 1000079 ],
		
		[
			0.9574492573738098,
			0.9689565300941467,
			0.9792753458023071,
			0.9893044233322144,
			0.9993307590484619,
			0.9999970793724060
		]
	]
}
